colony_id,species_code,growth_form,log_area_cm2,mortality,year
1,AC,tabular,-2.4789411553323,0,3_4
2,AC,tabular,-2.21561233533972,0,3_4
3,AC,tabular,-3.10487561503323,1,3_4
4,AC,tabular,-1.16688496698573,0,3_4
5,AC,tabular,-1.44830701462479,1,3_4
6,AC,tabular,-2.50436913231224,0,3_4
7,AC,tabular,-3.8587197338779,0,3_4
8,AC,tabular,-1.69498844180478,0,3_4
9,AC,tabular,-0.391713533044193,0,3_4
10,AC,tabular,-1.43206462362831,0,3_4
11,AC,tabular,-2.65414480590244,0,3_4
12,AC,tabular,-2.14231381161984,0,3_4
13,AC,tabular,-1.18343293929571,1,3_4
14,AC,tabular,-3.3329427089683,1,3_4
15,AC,tabular,-2.10393746503879,0,3_4
16,AC,tabular,-1.01939068497969,0,3_4
17,AC,tabular,-1.89280101188257,0,3_4
19,AC,tabular,-4.56711789724177,0,3_4
20,AC,tabular,-4.0497863112592,0,3_4
21,AC,tabular,-1.66131420715215,0,3_4
22,AC,tabular,-2.7870420241809,0,3_4
24,AC,tabular,-1.42905177844225,0,3_4
25,AC,tabular,-3.77435989875878,0,3_4
26,AC,tabular,-0.719537802992113,0,3_4
30,AC,tabular,-0.959579229897784,0,3_4
1,AC,tabular,-1.57205110398231,0,4_5
2,AC,tabular,-1.78078175030968,1,4_5
4,AC,tabular,-1.01480275977377,1,4_5
6,AC,tabular,-2.67804652011656,0,4_5
7,AC,tabular,-2.70399929000031,0,4_5
8,AC,tabular,-1.23439214536016,0,4_5
9,AC,tabular,-0.130609911382319,0,4_5
10,AC,tabular,-1.25217174977438,0,4_5
11,AC,tabular,-2.70894766243469,0,4_5
12,AC,tabular,-1.82186633193949,0,4_5
15,AC,tabular,-1.66961349191865,0,4_5
16,AC,tabular,-1.18089483455283,0,4_5
17,AC,tabular,-1.45757933143086,0,4_5
19,AC,tabular,-4.22514951807666,0,4_5
20,AC,tabular,-3.31416775559787,1,4_5
21,AC,tabular,-1.26329050717862,0,4_5
22,AC,tabular,-2.15002933816499,0,4_5
24,AC,tabular,-1.49695243369215,0,4_5
26,AC,tabular,-0.372177155541193,0,4_5
29,AC,tabular,0.561278388691208,1,4_5
30,AC,tabular,-2.63370902922458,0,4_5
31,AC,tabular,-4.74347434567424,1,4_5
32,AC,tabular,-4.54392993429327,0,4_5
33,AC,tabular,-3.31733617035305,0,4_5
34,AC,tabular,-1.53167095745921,0,4_5
1,AC,tabular,-1.00005051791677,0,5_6
6,AC,tabular,-2.50246107606562,0,5_6
7,AC,tabular,-2.47229174570892,0,5_6
8,AC,tabular,-1.47406596010996,0,5_6
9,AC,tabular,0.101927320621951,0,5_6
10,AC,tabular,-1.07482323501604,0,5_6
11,AC,tabular,-2.16667103284019,0,5_6
12,AC,tabular,-1.76077023868203,0,5_6
15,AC,tabular,-1.34190373219155,0,5_6
16,AC,tabular,-1.11788465070349,1,5_6
17,AC,tabular,-1.07032383398386,1,5_6
19,AC,tabular,-3.8328074482124,1,5_6
21,AC,tabular,-0.84979328169347,0,5_6
22,AC,tabular,-1.85777081240508,0,5_6
24,AC,tabular,-1.64380963424601,0,5_6
26,AC,tabular,-0.37700303374856,1,5_6
30,AC,tabular,-2.49274345136351,0,5_6
32,AC,tabular,-4.24924060713443,1,5_6
33,AC,tabular,-2.91510232450102,0,5_6
34,AC,tabular,-1.34403362236494,0,5_6
35,AD,digitate,-2.59115086853302,0,3_4
36,AD,digitate,-2.85965668464449,0,3_4
37,AD,digitate,-2.7473106716103,0,3_4
38,AD,digitate,-6.00192159505279,1,3_4
39,AD,digitate,-2.88332229317486,0,3_4
40,AD,digitate,-2.54460721151034,0,3_4
41,AD,digitate,-3.53071506767437,0,3_4
43,AD,digitate,-3.36393687184627,0,3_4
44,AD,digitate,-2.6985618951896,0,3_4
45,AD,digitate,-4.71704625240336,0,3_4
46,AD,digitate,-5.23782530305034,1,3_4
47,AD,digitate,-3.14489788856939,0,3_4
48,AD,digitate,-2.04902266659843,0,3_4
49,AD,digitate,-3.5161598810824,0,3_4
51,AD,digitate,-3.24702093244606,0,3_4
52,AD,digitate,-3.17030658498691,0,3_4
53,AD,digitate,-4.60446878404082,0,3_4
54,AD,digitate,-3.85714004172276,0,3_4
55,AD,digitate,-3.44504848519111,0,3_4
56,AD,digitate,-4.54339784865164,0,3_4
57,AD,digitate,-2.95764721250128,0,3_4
58,AD,digitate,-3.11471293362634,0,3_4
59,AD,digitate,-2.66990512242352,0,3_4
60,AD,digitate,-2.08460006197777,0,3_4
61,AD,digitate,-3.1128560303953,0,3_4
62,AD,digitate,-2.97234629544052,0,3_4
63,AD,digitate,-3.46833258688945,0,3_4
64,AD,digitate,-1.77967675921456,0,3_4
35,AD,digitate,-3.16869376832452,0,4_5
36,AD,digitate,-2.9824732946696,0,4_5
37,AD,digitate,-2.92063461679898,0,4_5
39,AD,digitate,-3.05002001314106,0,4_5
40,AD,digitate,-2.45405795779205,0,4_5
41,AD,digitate,-3.76002515271034,1,4_5
43,AD,digitate,-3.32388143268799,0,4_5
44,AD,digitate,-2.98864348561502,0,4_5
45,AD,digitate,-4.43274798846987,0,4_5
47,AD,digitate,-4.69122962282915,1,4_5
48,AD,digitate,-1.93125792692521,0,4_5
49,AD,digitate,-3.76267428409504,0,4_5
51,AD,digitate,-3.12866851195336,0,4_5
52,AD,digitate,-3.07681417807892,0,4_5
53,AD,digitate,-4.24210421114163,0,4_5
54,AD,digitate,-3.17474018367775,0,4_5
55,AD,digitate,-2.978493185929,0,4_5
56,AD,digitate,-4.41744890516608,0,4_5
57,AD,digitate,-3.09152717832837,0,4_5
58,AD,digitate,-2.89741072378941,0,4_5
59,AD,digitate,-2.53270146522639,0,4_5
60,AD,digitate,-2.00015865022636,0,4_5
61,AD,digitate,-3.21145916160509,0,4_5
62,AD,digitate,-3.79200989799431,0,4_5
63,AD,digitate,-3.36985868326842,0,4_5
64,AD,digitate,-1.80936795730068,0,4_5
65,AD,digitate,-6.24862546306276,0,4_5
66,AD,digitate,-3.04033559507017,0,4_5
67,AD,digitate,-3.10525319042355,0,4_5
35,AD,digitate,-3.23106734748585,0,5_6
36,AD,digitate,-2.82272833853924,0,5_6
37,AD,digitate,-2.72919111322845,0,5_6
39,AD,digitate,-3.20446174728256,1,5_6
40,AD,digitate,-2.41403831128425,0,5_6
43,AD,digitate,-3.2824706466536,0,5_6
44,AD,digitate,-3.14641672099788,0,5_6
45,AD,digitate,-4.2404676863291,0,5_6
48,AD,digitate,-2.02399698920288,0,5_6
49,AD,digitate,-4.26751793232,0,5_6
51,AD,digitate,-3.00543236242128,0,5_6
52,AD,digitate,-2.99118254338693,0,5_6
53,AD,digitate,-3.96582191364451,0,5_6
54,AD,digitate,-3.07519191958192,0,5_6
55,AD,digitate,-2.7047564549426,0,5_6
56,AD,digitate,-4.15576762716162,0,5_6
57,AD,digitate,-2.92625565194321,0,5_6
58,AD,digitate,-3.73542767497864,1,5_6
59,AD,digitate,-2.58124245202394,0,5_6
60,AD,digitate,-2.2102864924621,0,5_6
61,AD,digitate,-3.31688761675563,0,5_6
62,AD,digitate,-3.65455614662776,1,5_6
63,AD,digitate,-3.40583573378426,0,5_6
64,AD,digitate,-1.76230538835143,1,5_6
65,AD,digitate,-6.33937944813463,0,5_6
66,AD,digitate,-3.11037026399989,0,5_6
68,AH,tabular,-2.1585760377772,0,3_4
69,AH,tabular,-1.11837985509745,0,3_4
70,AH,tabular,-1.46230293329611,0,3_4
71,AH,tabular,-2.30184252530558,0,3_4
72,AH,tabular,-1.08955741411625,0,3_4
73,AH,tabular,-1.6549452666865,0,3_4
75,AH,tabular,-2.94211171765379,0,3_4
76,AH,tabular,-1.46146775966082,0,3_4
77,AH,tabular,-3.44042940263566,0,3_4
78,AH,tabular,-2.09014546212554,0,3_4
79,AH,tabular,-3.97293952465823,0,3_4
80,AH,tabular,-0.47071957661118,0,3_4
81,AH,tabular,0.013033747122783,0,3_4
82,AH,tabular,-3.0817373317581,0,3_4
83,AH,tabular,-1.68998283364609,0,3_4
84,AH,tabular,-2.36963800134213,0,3_4
85,AH,tabular,-1.68285100187044,1,3_4
86,AH,tabular,-1.27335011530831,0,3_4
87,AH,tabular,-3.1291709171011,0,3_4
88,AH,tabular,-2.01793149755912,0,3_4
89,AH,tabular,-3.3397195559954,1,3_4
90,AH,tabular,-1.33523544601255,0,3_4
91,AH,tabular,-2.43952738014293,0,3_4
92,AH,tabular,-1.1535292135542,0,3_4
93,AH,tabular,-2.30711413891782,0,3_4
94,AH,tabular,-1.59319471165529,0,3_4
95,AH,tabular,-1.67019170318547,0,3_4
96,AH,tabular,-1.44742284121557,0,3_4
97,AH,tabular,-1.29452885737065,0,3_4
68,AH,tabular,-2.62675602714396,0,4_5
69,AH,tabular,-0.956463124240911,1,4_5
70,AH,tabular,-1.82282478390165,0,4_5
71,AH,tabular,-1.83584735127068,0,4_5
72,AH,tabular,-0.800549993590524,0,4_5
73,AH,tabular,-1.83113779532392,0,4_5
74,AH,tabular,-3.57100180230445,0,4_5
75,AH,tabular,-2.78540722858763,0,4_5
76,AH,tabular,-1.17368712526591,0,4_5
77,AH,tabular,-2.85427597456187,0,4_5
78,AH,tabular,-1.58924756275775,0,4_5
79,AH,tabular,-5.03799702141774,0,4_5
80,AH,tabular,-0.141763871943907,0,4_5
81,AH,tabular,-0.100943969817511,1,4_5
83,AH,tabular,-1.4657438171352,0,4_5
84,AH,tabular,-3.16450517329306,0,4_5
86,AH,tabular,-1.12975082222271,0,4_5
88,AH,tabular,-2.01467845168828,1,4_5
90,AH,tabular,-1.11201458439961,0,4_5
91,AH,tabular,-1.79232911475291,0,4_5
92,AH,tabular,-0.972174240620212,0,4_5
93,AH,tabular,-1.60231009534894,0,4_5
94,AH,tabular,-1.240791549862,0,4_5
95,AH,tabular,-1.13800271730073,0,4_5
97,AH,tabular,-0.941526075721639,0,4_5
98,AH,tabular,-1.34091552295588,0,4_5
99,AH,tabular,-5.14480455334768,0,4_5
68,AH,tabular,-3.50296221615015,0,5_6
70,AH,tabular,-1.31313505831088,0,5_6
71,AH,tabular,-1.99951210439291,1,5_6
72,AH,tabular,-0.738549118733627,0,5_6
73,AH,tabular,-1.36784573596918,0,5_6
74,AH,tabular,-3.47532844461992,1,5_6
75,AH,tabular,-2.54193748079079,0,5_6
76,AH,tabular,-2.70997182615028,0,5_6
77,AH,tabular,-2.32459359030418,0,5_6
78,AH,tabular,-1.14369701484903,0,5_6
79,AH,tabular,-4.15314617030543,0,5_6
80,AH,tabular,0.00538869032865791,1,5_6
83,AH,tabular,-1.39505649134264,1,5_6
84,AH,tabular,-3.03157671583327,0,5_6
86,AH,tabular,-1.08535903134105,0,5_6
90,AH,tabular,-0.904546184459537,0,5_6
91,AH,tabular,-1.54891496076072,0,5_6
92,AH,tabular,-0.973672189353603,1,5_6
93,AH,tabular,-1.15715174850341,0,5_6
94,AH,tabular,-1.05733821452402,0,5_6
95,AH,tabular,-1.70700468755038,0,5_6
96,AH,tabular,-5.26138754044129,1,5_6
97,AH,tabular,-1.37618734656844,1,5_6
98,AH,tabular,-1.41368210958702,0,5_6
100,AH,tabular,-1.84410426703568,1,5_6
101,AI,staghorn,-0.654670332648324,0,3_4
102,AI,staghorn,-3.6919964517938,1,3_4
103,AI,staghorn,-3.90197985710047,1,3_4
104,AI,staghorn,-5.34465558014587,0,3_4
105,AI,staghorn,-3.30305677819202,1,3_4
106,AI,staghorn,-1.80067914361522,0,3_4
107,AI,staghorn,-5.26949164830551,1,3_4
108,AI,staghorn,-2.83911926429401,0,3_4
109,AI,staghorn,-2.08093299591262,0,3_4
111,AI,staghorn,-1.12050351531404,0,3_4
112,AI,staghorn,-2.17675590171016,0,3_4
114,AI,staghorn,-2.63548910596109,0,3_4
115,AI,staghorn,-3.29683292425405,0,3_4
116,AI,staghorn,-2.99596380011477,0,3_4
117,AI,staghorn,-2.70459084754985,0,3_4
118,AI,staghorn,-2.08063467034259,0,3_4
119,AI,staghorn,-3.09036948918179,0,3_4
120,AI,staghorn,-4.38982820051656,1,3_4
121,AI,staghorn,-4.96307326325591,0,3_4
122,AI,staghorn,-3.42119937839094,0,3_4
101,AI,staghorn,-0.433893980612499,0,4_5
104,AI,staghorn,-5.15975286229838,0,4_5
106,AI,staghorn,-2.08263206205245,0,4_5
108,AI,staghorn,-2.62010848277263,0,4_5
109,AI,staghorn,-1.61908657908314,0,4_5
110,AI,staghorn,-1.4304167751475,0,4_5
111,AI,staghorn,-0.874860629606774,0,4_5
112,AI,staghorn,-2.32105812426136,0,4_5
114,AI,staghorn,-2.1940138302748,0,4_5
115,AI,staghorn,-4.03803900388912,0,4_5
117,AI,staghorn,-2.83153800471023,0,4_5
119,AI,staghorn,-2.66335181495696,0,4_5
121,AI,staghorn,-5.37757946401122,0,4_5
122,AI,staghorn,-5.34349535990628,1,4_5
123,AI,staghorn,-3.89111724650358,0,4_5
124,AI,staghorn,-4.48247712928743,0,4_5
125,AI,staghorn,-5.88180765129748,0,4_5
126,AI,staghorn,-4.44118987956861,1,4_5
101,AI,staghorn,-0.985756096066061,0,5_6
104,AI,staghorn,-4.69073501871042,1,5_6
106,AI,staghorn,-2.45094787925766,0,5_6
108,AI,staghorn,-2.6261495706127,0,5_6
110,AI,staghorn,-2.98119887416659,0,5_6
111,AI,staghorn,-0.740004856370348,0,5_6
112,AI,staghorn,-2.14025590363684,0,5_6
114,AI,staghorn,-2.00717236872631,0,5_6
115,AI,staghorn,-6.25042478100556,0,5_6
117,AI,staghorn,-3.50829671850243,0,5_6
119,AI,staghorn,-2.24859290731333,0,5_6
121,AI,staghorn,-4.9742404119438,0,5_6
123,AI,staghorn,-5.75190928451624,1,5_6
124,AI,staghorn,-4.05927614085757,0,5_6
127,AL,corymbose,-3.56985884648539,0,3_4
128,AL,corymbose,-1.93987160695862,0,3_4
129,AL,corymbose,-3.98774843530478,0,3_4
130,AL,corymbose,-3.27194535373598,0,3_4
131,AL,corymbose,-2.64470488105111,1,3_4
132,AL,corymbose,-5.4334112381969,0,3_4
133,AL,corymbose,-3.13243957297116,0,3_4
134,AL,corymbose,-3.77080932099424,0,3_4
135,AL,corymbose,-3.32504202736415,0,3_4
136,AL,corymbose,-2.93484910676725,0,3_4
137,AL,corymbose,-3.31075061529068,0,3_4
138,AL,corymbose,-4.31079884730849,0,3_4
139,AL,corymbose,-3.27187022928795,0,3_4
140,AL,corymbose,-2.31259730521466,0,3_4
141,AL,corymbose,-3.75612416876039,0,3_4
142,AL,corymbose,-3.33204556131886,0,3_4
143,AL,corymbose,-4.35664295870143,0,3_4
144,AL,corymbose,-3.25899845315387,0,3_4
145,AL,corymbose,-3.49086023767411,0,3_4
146,AL,corymbose,-3.79145370252918,0,3_4
147,AL,corymbose,-3.36834740194077,0,3_4
148,AL,corymbose,-3.60592714318094,0,3_4
150,AL,corymbose,-3.67886936649112,1,3_4
151,AL,corymbose,-3.18385656769754,0,3_4
152,AL,corymbose,-3.21077877095454,0,3_4
153,AL,corymbose,-3.34287099528837,1,3_4
154,AL,corymbose,-3.46808621273739,0,3_4
155,AL,corymbose,-3.4474393146798,0,3_4
156,AL,corymbose,-4.23834868643998,0,3_4
157,AL,corymbose,-1.96276412057119,0,3_4
189,AL,corymbose,-2.12950992879535,0,3_4
127,AL,corymbose,-3.46639215199768,0,4_5
128,AL,corymbose,-1.92219454745255,0,4_5
129,AL,corymbose,-3.75554735510997,0,4_5
130,AL,corymbose,-2.95134607317458,0,4_5
132,AL,corymbose,-5.1909272143427,0,4_5
133,AL,corymbose,-3.00538647709455,0,4_5
134,AL,corymbose,-3.43007360297277,0,4_5
135,AL,corymbose,-3.04309272995231,0,4_5
136,AL,corymbose,-2.83037617404298,0,4_5
137,AL,corymbose,-3.51337769931455,0,4_5
138,AL,corymbose,-5.35620451517396,0,4_5
139,AL,corymbose,-2.87186923571627,0,4_5
140,AL,corymbose,-2.38680901359774,0,4_5
141,AL,corymbose,-3.53490966212019,0,4_5
142,AL,corymbose,-3.47458254008323,0,4_5
143,AL,corymbose,-4.0157808524147,1,4_5
144,AL,corymbose,-3.42263145019635,1,4_5
145,AL,corymbose,-3.44883090337835,0,4_5
146,AL,corymbose,-3.18859339006334,0,4_5
147,AL,corymbose,-3.41599438255254,0,4_5
148,AL,corymbose,-3.41304729049133,0,4_5
151,AL,corymbose,-3.13805111223655,0,4_5
152,AL,corymbose,-2.90989754745636,0,4_5
154,AL,corymbose,-2.89629503754023,0,4_5
155,AL,corymbose,-3.48327840631004,0,4_5
156,AL,corymbose,-3.63653110341176,0,4_5
157,AL,corymbose,-1.67933187466315,0,4_5
158,AL,corymbose,-3.8097112462219,0,4_5
127,AL,corymbose,-3.43102584319383,1,5_6
128,AL,corymbose,-2.69980621394953,1,5_6
129,AL,corymbose,-3.78815172962469,1,5_6
130,AL,corymbose,-2.81356871467657,0,5_6
132,AL,corymbose,-5.42344479495918,1,5_6
133,AL,corymbose,-3.30790464695903,0,5_6
134,AL,corymbose,-3.36153398960456,0,5_6
135,AL,corymbose,-2.59768255289025,0,5_6
136,AL,corymbose,-2.34454588543149,0,5_6
137,AL,corymbose,-3.46005737787532,1,5_6
138,AL,corymbose,-6.86347763640517,1,5_6
139,AL,corymbose,-2.51533927098867,0,5_6
140,AL,corymbose,-2.44152269504881,0,5_6
141,AL,corymbose,-3.47372971570035,0,5_6
142,AL,corymbose,-3.18401105518096,0,5_6
145,AL,corymbose,-3.33640897004369,0,5_6
146,AL,corymbose,-2.8496792762988,0,5_6
147,AL,corymbose,-3.38583688904435,0,5_6
148,AL,corymbose,-3.32334430734232,0,5_6
151,AL,corymbose,-3.21809764727032,0,5_6
152,AL,corymbose,-2.56447129968644,0,5_6
154,AL,corymbose,-2.35030016372105,0,5_6
155,AL,corymbose,-3.31206478757266,0,5_6
156,AL,corymbose,-3.27818565287808,0,5_6
157,AL,corymbose,-1.44477920272944,0,5_6
158,AL,corymbose,-3.57778346537828,0,5_6
159,AL,corymbose,-2.81436417419375,0,5_6
189,AL,corymbose,-2.11630093690428,1,5_6
160,AM,corymbose,-3.42741912933798,0,3_4
161,AM,corymbose,-3.96413764800081,0,3_4
163,AM,corymbose,-3.68213107364236,0,3_4
164,AM,corymbose,-5.14464996273855,0,3_4
165,AM,corymbose,-3.81440450510465,0,3_4
166,AM,corymbose,-3.66105690461329,0,3_4
167,AM,corymbose,-2.9513469997226,0,3_4
168,AM,corymbose,-3.64765863755452,0,3_4
169,AM,corymbose,-3.0173335006493,0,3_4
170,AM,corymbose,-2.82968678052816,0,3_4
171,AM,corymbose,-2.0863929490253,1,3_4
172,AM,corymbose,-3.60548237751675,0,3_4
173,AM,corymbose,-2.88547002725691,0,3_4
174,AM,corymbose,-2.06464919031515,0,3_4
175,AM,corymbose,-4.28687692999807,0,3_4
176,AM,corymbose,-6.2952000670451,1,3_4
177,AM,corymbose,-3.24405281298855,0,3_4
178,AM,corymbose,-3.5184910976669,0,3_4
179,AM,corymbose,-3.50671956988589,0,3_4
180,AM,corymbose,-3.70215817871139,1,3_4
181,AM,corymbose,-2.98028830144453,1,3_4
182,AM,corymbose,-4.6434521326001,0,3_4
183,AM,corymbose,-4.32743309469176,0,3_4
184,AM,corymbose,-4.42306265431038,0,3_4
185,AM,corymbose,-3.95773490315878,0,3_4
186,AM,corymbose,-3.98354240724635,0,3_4
187,AM,corymbose,-3.71294406888694,0,3_4
188,AM,corymbose,-3.34083062172407,0,3_4
160,AM,corymbose,-4.75324285229923,0,4_5
161,AM,corymbose,-4.24678420712282,0,4_5
163,AM,corymbose,-3.76860405250736,0,4_5
164,AM,corymbose,-5.25991123471166,0,4_5
165,AM,corymbose,-5.38266344665845,0,4_5
166,AM,corymbose,-3.71487176364503,0,4_5
167,AM,corymbose,-2.77352556190947,0,4_5
168,AM,corymbose,-4.05232232387328,0,4_5
169,AM,corymbose,-2.96434958296531,0,4_5
170,AM,corymbose,-2.9021053685072,0,4_5
172,AM,corymbose,-3.51345626565899,1,4_5
173,AM,corymbose,-3.54282914590646,0,4_5
174,AM,corymbose,-1.97518013455295,0,4_5
175,AM,corymbose,-3.51480800146689,0,4_5
177,AM,corymbose,-3.57054116417331,1,4_5
178,AM,corymbose,-3.50325295701424,0,4_5
179,AM,corymbose,-3.44116922973843,0,4_5
182,AM,corymbose,-4.05887063766003,0,4_5
183,AM,corymbose,-3.78579119140415,0,4_5
184,AM,corymbose,-3.91496591636135,0,4_5
185,AM,corymbose,-4.76643024043787,1,4_5
186,AM,corymbose,-3.8518138851864,0,4_5
187,AM,corymbose,-3.25934919908112,0,4_5
188,AM,corymbose,-3.57600890698603,0,4_5
160,AM,corymbose,-4.82120560776657,0,5_6
161,AM,corymbose,-3.7020943832344,0,5_6
163,AM,corymbose,-3.80514105152668,1,5_6
164,AM,corymbose,-6.00129420820478,0,5_6
165,AM,corymbose,-5.4910311341326,0,5_6
166,AM,corymbose,-3.50110549728607,0,5_6
167,AM,corymbose,-2.56961530542361,1,5_6
168,AM,corymbose,-4.32740290397803,1,5_6
169,AM,corymbose,-2.5562569939728,0,5_6
170,AM,corymbose,-3.60290659388537,0,5_6
173,AM,corymbose,-3.35872084160394,0,5_6
174,AM,corymbose,-1.94450877325345,0,5_6
175,AM,corymbose,-3.16774997946674,0,5_6
178,AM,corymbose,-3.2827158928447,1,5_6
179,AM,corymbose,-3.48996552883196,0,5_6
182,AM,corymbose,-3.48271716565589,0,5_6
183,AM,corymbose,-3.48167315981097,0,5_6
184,AM,corymbose,-4.10052489642289,1,5_6
186,AM,corymbose,-3.64091124394529,0,5_6
187,AM,corymbose,-3.79359864025328,1,5_6
188,AM,corymbose,-3.91647768923471,0,5_6
190,AN,corymbose,-3.5264687507159,1,3_4
191,AN,corymbose,-2.96390606909993,0,3_4
192,AN,corymbose,-2.45507128225257,0,3_4
193,AN,corymbose,-2.73577495011671,0,3_4
194,AN,corymbose,-3.8329529842846,0,3_4
195,AN,corymbose,-3.38474302089139,0,3_4
196,AN,corymbose,-3.43474533212731,0,3_4
197,AN,corymbose,-3.50003869993313,0,3_4
198,AN,corymbose,-2.75197537918361,0,3_4
199,AN,corymbose,-3.763357290575,0,3_4
200,AN,corymbose,-2.763221804841,1,3_4
201,AN,corymbose,-2.79085279071879,0,3_4
202,AN,corymbose,-3.03308509734442,1,3_4
203,AN,corymbose,-4.20939434080653,0,3_4
204,AN,corymbose,-2.22974549836464,0,3_4
205,AN,corymbose,-3.4644353256938,0,3_4
206,AN,corymbose,-3.95321410795229,1,3_4
207,AN,corymbose,-3.75935530904552,0,3_4
208,AN,corymbose,-4.04189277683387,0,3_4
209,AN,corymbose,-2.52004763253419,0,3_4
210,AN,corymbose,-4.49097064726011,1,3_4
211,AN,corymbose,-3.89199101394032,0,3_4
212,AN,corymbose,-2.66714243525756,1,3_4
213,AN,corymbose,-4.20453471619034,0,3_4
214,AN,corymbose,-2.70157150062806,0,3_4
216,AN,corymbose,-4.69859438245747,1,3_4
217,AN,corymbose,-3.77395668506247,0,3_4
218,AN,corymbose,-2.92998047178198,0,3_4
219,AN,corymbose,-2.78248844200313,0,3_4
220,AN,corymbose,-3.53523917119957,0,3_4
221,AN,corymbose,-3.4402403667484,0,3_4
222,AN,corymbose,-2.7697067470201,0,3_4
223,AN,corymbose,-3.12704489123791,0,3_4
224,AN,corymbose,-3.8025796380991,0,3_4
225,AN,corymbose,-2.61445451665439,0,3_4
226,AN,corymbose,-2.95897706224561,0,3_4
227,AN,corymbose,-2.82138039672558,0,3_4
228,AN,corymbose,-2.92716351957542,0,3_4
229,AN,corymbose,-2.5317939175433,0,3_4
230,AN,corymbose,-2.23942945630818,0,3_4
191,AN,corymbose,-3.28479783677678,0,4_5
192,AN,corymbose,-2.19643864109143,0,4_5
193,AN,corymbose,-2.65972517492907,0,4_5
194,AN,corymbose,-3.6598106925987,0,4_5
195,AN,corymbose,-3.47372232038283,0,4_5
196,AN,corymbose,-3.01118589951774,0,4_5
197,AN,corymbose,-3.19578586003933,0,4_5
198,AN,corymbose,-2.95396022273623,0,4_5
199,AN,corymbose,-4.6984621372553,0,4_5
201,AN,corymbose,-2.85583052482653,0,4_5
203,AN,corymbose,-4.04079470348705,0,4_5
204,AN,corymbose,-2.25343800458108,0,4_5
205,AN,corymbose,-3.51647196297912,1,4_5
207,AN,corymbose,-4.2013277567118,1,4_5
208,AN,corymbose,-3.81487559997113,0,4_5
209,AN,corymbose,-2.88565711472196,1,4_5
211,AN,corymbose,-4.67943320634798,1,4_5
213,AN,corymbose,-3.75597652897834,0,4_5
214,AN,corymbose,-2.31950973639077,0,4_5
217,AN,corymbose,-3.78040546183498,0,4_5
218,AN,corymbose,-3.26065199618083,0,4_5
219,AN,corymbose,-2.91434555013864,0,4_5
220,AN,corymbose,-4.03800259200784,0,4_5
221,AN,corymbose,-3.08314329329783,0,4_5
222,AN,corymbose,-2.85561314667402,0,4_5
223,AN,corymbose,-2.96605039235866,0,4_5
224,AN,corymbose,-3.29153091062669,0,4_5
225,AN,corymbose,-2.60245729500355,0,4_5
226,AN,corymbose,-3.07351030461737,0,4_5
227,AN,corymbose,-2.78179952377723,0,4_5
228,AN,corymbose,-2.981547955328,0,4_5
229,AN,corymbose,-2.58541443452694,0,4_5
230,AN,corymbose,-2.18076571725557,0,4_5
231,AN,corymbose,-2.55667933465713,0,4_5
232,AN,corymbose,-4.501440284937,0,4_5
233,AN,corymbose,-3.02490234451985,0,4_5
235,AN,corymbose,-4.53252985235952,0,4_5
191,AN,corymbose,-3.51780195683616,0,5_6
192,AN,corymbose,-2.06131994146477,1,5_6
193,AN,corymbose,-2.60119657452537,0,5_6
194,AN,corymbose,-3.92381242452344,0,5_6
195,AN,corymbose,-4.30163482221129,1,5_6
196,AN,corymbose,-3.12030414851307,0,5_6
197,AN,corymbose,-2.98329764840627,0,5_6
198,AN,corymbose,-3.44700786114817,0,5_6
199,AN,corymbose,-3.83368738674704,0,5_6
201,AN,corymbose,-3.65538264305607,0,5_6
203,AN,corymbose,-4.02783664942345,0,5_6
204,AN,corymbose,-2.06979844207908,1,5_6
208,AN,corymbose,-2.85680283482611,1,5_6
213,AN,corymbose,-6.66769520038511,1,5_6
214,AN,corymbose,-2.19019412736371,0,5_6
217,AN,corymbose,-4.83158630665925,0,5_6
218,AN,corymbose,-3.24917279484825,0,5_6
219,AN,corymbose,-2.80818184114466,0,5_6
220,AN,corymbose,-3.76361857104134,0,5_6
221,AN,corymbose,-2.85942267790609,0,5_6
222,AN,corymbose,-2.75869880754081,1,5_6
223,AN,corymbose,-3.07258953160412,1,5_6
224,AN,corymbose,-3.14493968169139,0,5_6
225,AN,corymbose,-2.54657925201366,0,5_6
226,AN,corymbose,-3.70819070003068,1,5_6
227,AN,corymbose,-3.14478842979528,0,5_6
228,AN,corymbose,-2.92444192739509,1,5_6
230,AN,corymbose,-2.26155905964652,0,5_6
231,AN,corymbose,-2.4242020778342,0,5_6
232,AN,corymbose,-4.07484173827182,0,5_6
233,AN,corymbose,-5.85859562787188,1,5_6
235,AN,corymbose,-4.09938483171132,0,5_6
364,AN,corymbose,-5.64655965287989,1,5_6
236,AR,staghorn,-2.57838403868916,0,3_4
237,AR,staghorn,-3.1844113729077,0,3_4
238,AR,staghorn,-2.88676228401639,0,3_4
239,AR,staghorn,-3.35442696826908,0,3_4
240,AR,staghorn,-4.77661628858508,1,3_4
241,AR,staghorn,-2.93579425675079,0,3_4
242,AR,staghorn,-3.96838226420944,0,3_4
243,AR,staghorn,-2.24987460592434,0,3_4
244,AR,staghorn,-1.11451197500561,0,3_4
245,AR,staghorn,-4.21985418327252,0,3_4
247,AR,staghorn,-1.54182347864124,0,3_4
248,AR,staghorn,-2.65125730888774,0,3_4
249,AR,staghorn,-1.64282715917035,0,3_4
250,AR,staghorn,-2.93406537191552,0,3_4
251,AR,staghorn,-0.285416176143578,0,3_4
252,AR,staghorn,-3.74582313978751,0,3_4
253,AR,staghorn,-1.22914446599224,0,3_4
254,AR,staghorn,-3.31531886307212,0,3_4
255,AR,staghorn,-2.55969657873609,0,3_4
256,AR,staghorn,-3.24128583612551,0,3_4
257,AR,staghorn,-2.09254213891003,0,3_4
259,AR,staghorn,-2.43306566118539,0,3_4
260,AR,staghorn,-2.8367342636546,0,3_4
262,AR,staghorn,-2.49049271609439,0,3_4
263,AR,staghorn,-3.45055675556561,0,3_4
264,AR,staghorn,-2.61930266749984,0,3_4
265,AR,staghorn,-3.27207524862663,0,3_4
266,AR,staghorn,-4.21048830236396,0,3_4
236,AR,staghorn,-2.34961405533164,0,4_5
237,AR,staghorn,-2.90030281180247,0,4_5
238,AR,staghorn,-2.91321217815992,0,4_5
239,AR,staghorn,-3.11666379435708,0,4_5
241,AR,staghorn,-2.84287542985035,0,4_5
242,AR,staghorn,-4.17839318283936,0,4_5
243,AR,staghorn,-2.50112395215798,0,4_5
244,AR,staghorn,-1.31890478611385,0,4_5
245,AR,staghorn,-3.5923696491899,0,4_5
246,AR,staghorn,-2.26942979795032,0,4_5
247,AR,staghorn,-1.30047390895728,0,4_5
248,AR,staghorn,-2.06869944132455,0,4_5
249,AR,staghorn,-2.02278926467922,0,4_5
251,AR,staghorn,0.0220016637278058,0,4_5
252,AR,staghorn,-3.00734452303815,0,4_5
253,AR,staghorn,-1.1978521967144,0,4_5
254,AR,staghorn,-3.12207532764134,0,4_5
255,AR,staghorn,-2.01046827827495,0,4_5
256,AR,staghorn,-2.98428829220752,0,4_5
259,AR,staghorn,-2.23574557211339,0,4_5
260,AR,staghorn,-2.70712581137143,0,4_5
261,AR,staghorn,-0.129156604575652,0,4_5
262,AR,staghorn,-2.5378576103945,0,4_5
263,AR,staghorn,-2.81385733485519,0,4_5
264,AR,staghorn,-2.64171025266285,0,4_5
265,AR,staghorn,-3.7167839644055,0,4_5
266,AR,staghorn,-3.37218479143388,0,4_5
365,AR,staghorn,-0.84875574756503,0,4_5
236,AR,staghorn,-2.71963663238737,0,5_6
237,AR,staghorn,-2.44476985418971,0,5_6
238,AR,staghorn,-2.58909447707542,0,5_6
239,AR,staghorn,-2.58809910243486,0,5_6
241,AR,staghorn,-2.6512649505196,0,5_6
243,AR,staghorn,-2.29605122273949,1,5_6
244,AR,staghorn,-1.11483836484903,0,5_6
245,AR,staghorn,-4.032921216145,1,5_6
246,AR,staghorn,-2.11289134413096,0,5_6
247,AR,staghorn,-1.23153394233319,0,5_6
248,AR,staghorn,-1.86829297188519,0,5_6
249,AR,staghorn,-1.93916415852275,0,5_6
250,AR,staghorn,-5.17980012358096,1,5_6
251,AR,staghorn,-0.168330809326747,1,5_6
252,AR,staghorn,-2.78605597127416,0,5_6
253,AR,staghorn,-1.24860935021516,0,5_6
254,AR,staghorn,-3.08470588820605,1,5_6
255,AR,staghorn,-1.87422101394672,0,5_6
256,AR,staghorn,-3.98065830168108,0,5_6
259,AR,staghorn,-2.23313094658386,0,5_6
260,AR,staghorn,-2.74175567196361,0,5_6
261,AR,staghorn,-0.208694254776125,0,5_6
262,AR,staghorn,-2.58991619740045,0,5_6
263,AR,staghorn,-3.30376367267434,0,5_6
264,AR,staghorn,-3.22617141291898,1,5_6
265,AR,staghorn,-3.92705332064522,0,5_6
266,AR,staghorn,-3.08107146039673,1,5_6
365,AR,staghorn,-0.916514256854002,0,5_6
267,AS,digitate,-3.6457679883839,0,3_4
268,AS,digitate,-4.93785983473937,0,3_4
269,AS,digitate,-4.09782878604561,0,3_4
270,AS,digitate,-3.64675585660807,1,3_4
271,AS,digitate,-3.37441327442676,0,3_4
272,AS,digitate,-5.97374890311399,0,3_4
273,AS,digitate,-3.03839205760008,1,3_4
274,AS,digitate,-3.25099311640997,0,3_4
275,AS,digitate,-3.51764501639325,0,3_4
276,AS,digitate,-6.07063541077067,1,3_4
277,AS,digitate,-3.01215160906586,0,3_4
278,AS,digitate,-2.85619164110409,0,3_4
280,AS,digitate,-3.15651380560703,0,3_4
281,AS,digitate,-3.95606380524104,0,3_4
282,AS,digitate,-4.55182961672481,0,3_4
283,AS,digitate,-5.44642942676395,0,3_4
284,AS,digitate,-3.36908458537561,0,3_4
285,AS,digitate,-4.43239974198487,0,3_4
286,AS,digitate,-3.84493637943803,0,3_4
287,AS,digitate,-6.04537294271503,0,3_4
288,AS,digitate,-3.96779691256041,0,3_4
289,AS,digitate,-4.46252790736155,0,3_4
290,AS,digitate,-2.59381660341416,0,3_4
291,AS,digitate,-3.05375298381618,0,3_4
292,AS,digitate,-4.51006906012896,0,3_4
293,AS,digitate,-3.59406086218157,0,3_4
294,AS,digitate,-4.40373537702631,0,3_4
295,AS,digitate,-3.07208247078051,0,3_4
267,AS,digitate,-4.06617326070146,0,4_5
268,AS,digitate,-4.66672301555968,0,4_5
269,AS,digitate,-4.17664561156821,0,4_5
271,AS,digitate,-3.63221454514656,0,4_5
272,AS,digitate,-5.43021269001264,0,4_5
274,AS,digitate,-3.87552725953582,0,4_5
275,AS,digitate,-3.04607710726611,0,4_5
277,AS,digitate,-3.07668826373578,0,4_5
278,AS,digitate,-2.62046619374887,0,4_5
280,AS,digitate,-3.33118550150045,0,4_5
281,AS,digitate,-4.092544153056,0,4_5
282,AS,digitate,-4.42146838777913,0,4_5
283,AS,digitate,-4.72089153154284,0,4_5
284,AS,digitate,-3.36082692352631,0,4_5
285,AS,digitate,-4.12966269120634,0,4_5
286,AS,digitate,-3.48190069161019,0,4_5
287,AS,digitate,-7.28316943509163,0,4_5
288,AS,digitate,-4.0377181828293,0,4_5
289,AS,digitate,-4.29113082505954,0,4_5
290,AS,digitate,-2.65851826491981,0,4_5
291,AS,digitate,-2.98838039162633,0,4_5
292,AS,digitate,-4.16498387606312,0,4_5
293,AS,digitate,-3.37375887791128,0,4_5
294,AS,digitate,-3.88856486399877,0,4_5
297,AS,digitate,-3.13164171688967,0,4_5
267,AS,digitate,-5.17886458069981,1,5_6
268,AS,digitate,-4.38757216575679,1,5_6
269,AS,digitate,-4.12432320466893,0,5_6
271,AS,digitate,-3.61539682865091,0,5_6
272,AS,digitate,-5.81705001176421,1,5_6
274,AS,digitate,-3.97257829417224,1,5_6
275,AS,digitate,-2.96963484014234,1,5_6
277,AS,digitate,-2.93194751304187,0,5_6
278,AS,digitate,-2.6207604102525,0,5_6
280,AS,digitate,-3.48852183613793,0,5_6
281,AS,digitate,-3.89708069860395,0,5_6
282,AS,digitate,-4.43519432016272,0,5_6
283,AS,digitate,-4.12261391753031,0,5_6
284,AS,digitate,-3.48238603569594,1,5_6
285,AS,digitate,-4.08796582181229,0,5_6
286,AS,digitate,-3.29695541801099,0,5_6
288,AS,digitate,-4.51149740804888,0,5_6
289,AS,digitate,-4.66184349769493,0,5_6
290,AS,digitate,-2.53092871053066,0,5_6
291,AS,digitate,-3.87266989160772,0,5_6
292,AS,digitate,-4.31868779091587,1,5_6
293,AS,digitate,-3.15383683136602,0,5_6
294,AS,digitate,-3.96476409049482,0,5_6
297,AS,digitate,-3.38004515766327,0,5_6
298,GP,massive,-4.23959161603059,0,3_4
299,GP,massive,-4.71138838254552,0,3_4
300,GP,massive,-5.98626431440387,0,3_4
301,GP,massive,-4.87043024415264,0,3_4
302,GP,massive,-5.16347676879732,0,3_4
303,GP,massive,-6.15731631209028,1,3_4
304,GP,massive,-4.85350448385919,0,3_4
306,GP,massive,-5.25753450652017,0,3_4
307,GP,massive,-4.07982475280085,0,3_4
308,GP,massive,-5.23621854606601,0,3_4
309,GP,massive,-6.4201032603289,0,3_4
310,GP,massive,-4.84078158393394,0,3_4
311,GP,massive,-4.95351480822167,0,3_4
312,GP,massive,-4.97356050816634,0,3_4
313,GP,massive,-5.00583075717927,0,3_4
314,GP,massive,-3.67407145024017,0,3_4
315,GP,massive,-4.63074511285731,0,3_4
316,GP,massive,-4.92734203235576,0,3_4
318,GP,massive,-4.41609911927847,0,3_4
319,GP,massive,-5.19735728808441,0,3_4
321,GP,massive,-5.07633803532392,0,3_4
324,GP,massive,-5.3775438668945,0,3_4
325,GP,massive,-3.56931120121494,0,3_4
326,GP,massive,-4.31849167954136,0,3_4
327,GP,massive,-5.94843958809148,0,3_4
298,GP,massive,-4.29309594341489,0,4_5
299,GP,massive,-4.84307012298464,0,4_5
300,GP,massive,-5.67683691933806,0,4_5
301,GP,massive,-4.45232848172575,0,4_5
302,GP,massive,-5.1812511735854,0,4_5
304,GP,massive,-5.05376872218447,0,4_5
306,GP,massive,-5.02706301268654,0,4_5
307,GP,massive,-3.9963488364912,0,4_5
308,GP,massive,-5.11259120293925,0,4_5
309,GP,massive,-5.45151826737193,0,4_5
310,GP,massive,-4.54747516212235,0,4_5
311,GP,massive,-4.5741136428589,0,4_5
312,GP,massive,-5.03322232343756,0,4_5
313,GP,massive,-4.87340503447197,0,4_5
314,GP,massive,-3.85143002472392,0,4_5
315,GP,massive,-4.5193297500568,0,4_5
316,GP,massive,-4.57572685062242,0,4_5
318,GP,massive,-4.16849501054897,0,4_5
319,GP,massive,-5.16332980134466,0,4_5
321,GP,massive,-5.08674045787028,0,4_5
324,GP,massive,-5.44329400121705,0,4_5
325,GP,massive,-3.72966411154558,0,4_5
326,GP,massive,-3.99913093060883,0,4_5
327,GP,massive,-5.94536251538668,0,4_5
298,GP,massive,-5.08289313382832,0,5_6
299,GP,massive,-4.81708249652855,0,5_6
300,GP,massive,-6.45681191488929,0,5_6
301,GP,massive,-4.95311389401161,0,5_6
302,GP,massive,-4.89764809457729,0,5_6
304,GP,massive,-4.75119568117986,0,5_6
305,GP,massive,-4.2709456259534,0,5_6
306,GP,massive,-4.78509840826326,0,5_6
307,GP,massive,-4.10688987945753,0,5_6
308,GP,massive,-5.16245027058755,0,5_6
309,GP,massive,-5.99353404415401,0,5_6
311,GP,massive,-5.02101708111173,0,5_6
312,GP,massive,-5.07278589366955,0,5_6
313,GP,massive,-4.83942488623955,0,5_6
314,GP,massive,-3.83223518230904,0,5_6
315,GP,massive,-4.59206352658223,0,5_6
316,GP,massive,-4.60860377715313,1,5_6
318,GP,massive,-4.2966266797145,0,5_6
319,GP,massive,-5.31492497065236,0,5_6
321,GP,massive,-5.28980010404609,0,5_6
323,GP,massive,-6.66415282401178,1,5_6
325,GP,massive,-3.81325012286032,0,5_6
326,GP,massive,-4.27130232938188,0,5_6
327,GP,massive,-5.63991174233172,1,5_6
331,GR,massive,-5.61734335970586,0,3_4
332,GR,massive,-3.20440568452734,0,3_4
333,GR,massive,-5.59618439267236,0,3_4
334,GR,massive,-5.43318635042731,1,3_4
335,GR,massive,-2.97946080499197,0,3_4
336,GR,massive,-3.85237180811116,0,3_4
337,GR,massive,-3.62025223029769,0,3_4
338,GR,massive,-3.97233398933589,0,3_4
339,GR,massive,-3.97205381913225,0,3_4
340,GR,massive,-4.0484175706704,0,3_4
341,GR,massive,-3.07949638854986,0,3_4
342,GR,massive,-4.03690188506441,0,3_4
343,GR,massive,-4.00246825673792,0,3_4
344,GR,massive,-3.88078014214134,0,3_4
345,GR,massive,-3.94663342065443,0,3_4
346,GR,massive,-3.82076392587519,0,3_4
347,GR,massive,-3.79602559848477,0,3_4
349,GR,massive,-4.94884240430925,0,3_4
350,GR,massive,-2.62503931314733,0,3_4
351,GR,massive,-6.26272104326446,0,3_4
352,GR,massive,-3.72923949456382,0,3_4
353,GR,massive,-4.4822982663952,0,3_4
354,GR,massive,-4.66737012473083,0,3_4
355,GR,massive,-3.08642208155837,0,3_4
356,GR,massive,-4.76914741787644,0,3_4
357,GR,massive,-4.68259821446383,0,3_4
358,GR,massive,-2.41909923592972,0,3_4
359,GR,massive,-3.90094591930898,0,3_4
360,GR,massive,-3.71783030669003,0,3_4
331,GR,massive,-5.61749668845763,0,4_5
332,GR,massive,-3.10999392315882,0,4_5
333,GR,massive,-5.390258427788,0,4_5
335,GR,massive,-2.73306710066665,0,4_5
336,GR,massive,-3.68741709567274,0,4_5
337,GR,massive,-3.5525525778912,0,4_5
338,GR,massive,-3.78322754077989,0,4_5
339,GR,massive,-4.61884523052219,0,4_5
340,GR,massive,-4.33350535474636,0,4_5
341,GR,massive,-3.39424705632069,0,4_5
342,GR,massive,-4.09512007014298,0,4_5
343,GR,massive,-3.91512506590459,0,4_5
344,GR,massive,-4.0447271576565,0,4_5
345,GR,massive,-4.06669760271204,0,4_5
346,GR,massive,-3.97058541346167,0,4_5
347,GR,massive,-3.92255154076716,0,4_5
349,GR,massive,-4.81821162128882,0,4_5
350,GR,massive,-3.64192578613522,0,4_5
351,GR,massive,-6.24972090334938,0,4_5
352,GR,massive,-3.66281104561326,0,4_5
353,GR,massive,-4.81529392156284,0,4_5
354,GR,massive,-4.1840132635398,0,4_5
355,GR,massive,-2.9819205178172,0,4_5
356,GR,massive,-4.88624892476247,0,4_5
357,GR,massive,-4.59421404687711,0,4_5
358,GR,massive,-2.24617173852004,0,4_5
359,GR,massive,-3.83250947526934,0,4_5
360,GR,massive,-4.14166410772818,0,4_5
361,GR,massive,-5.33259694603573,0,4_5
332,GR,massive,-3.1152219814248,0,5_6
333,GR,massive,-5.30852446937477,0,5_6
335,GR,massive,-3.27790700571934,0,5_6
337,GR,massive,-3.99466146526804,0,5_6
338,GR,massive,-3.6529988153146,0,5_6
339,GR,massive,-5.01788941275728,0,5_6
340,GR,massive,-3.99833442862422,0,5_6
341,GR,massive,-3.10818039334302,0,5_6
342,GR,massive,-4.00206166264943,0,5_6
343,GR,massive,-4.04916664347452,0,5_6
344,GR,massive,-4.15338561679535,0,5_6
345,GR,massive,-3.71127517017625,0,5_6
346,GR,massive,-4.13977000359979,0,5_6
347,GR,massive,-4.21435455313597,0,5_6
348,GR,massive,-4.85553424050089,0,5_6
349,GR,massive,-5.71062736116397,1,5_6
350,GR,massive,-3.70083671236396,0,5_6
351,GR,massive,-7.26476519852607,1,5_6
353,GR,massive,-4.63529494460364,1,5_6
354,GR,massive,-4.06563092335981,0,5_6
355,GR,massive,-2.99045575877312,0,5_6
356,GR,massive,-5.90946785576912,0,5_6
358,GR,massive,-2.14228467950926,0,5_6
359,GR,massive,-3.92069381796538,0,5_6
360,GR,massive,-4.29023069405706,0,5_6
361,GR,massive,-5.02347760332499,0,5_6
