"","spp","samp","lam"
"1","Acy",1,1.43876618418245
"2","Adi",1,0.946575493064932
"3","Ahu",1,0.885345191485525
"4","Ahy",1,1.71642653281608
"5","Ain",1,1.27911915902437
"6","Ami",1,0.673326249959489
"7","Ana",1,0.746718462904094
"8","Aro",1,1.06507201241892
"9","Asp",1,1.24232872071669
"10","Gpe",1,0.95417203995029
"11","Gre",1,1.01113241836967
"12","Acy",2,1.42411396420924
"13","Adi",2,1.09209385786528
"14","Ahu",2,0.883188726907343
"15","Ahy",2,1.71671672034546
"16","Ain",2,1.13788977188864
"17","Ami",2,0.64358733464428
"18","Ana",2,0.745699847039609
"19","Aro",2,1.05993437317939
"20","Asp",2,1.16405286087713
"21","Gpe",2,0.939303579381276
"22","Gre",2,1.04760757380615
"23","Acy",3,1.4673031755331
"24","Adi",3,0.968629161740625
"25","Ahu",3,0.877929187673779
"26","Ahy",3,1.70716248191627
"27","Ain",3,1.30153886874393
"28","Ami",3,0.668160137353605
"29","Ana",3,0.771013726822549
"30","Aro",3,1.1063635299581
"31","Asp",3,1.12786155855378
"32","Gpe",3,0.963101471074997
"33","Gre",3,1.03015349996537
"34","Acy",4,1.37997848485485
"35","Adi",4,0.949169525354738
"36","Ahu",4,0.885663235082728
"37","Ahy",4,1.68354817075588
"38","Ain",4,1.19867808721175
"39","Ami",4,0.608879231991626
"40","Ana",4,0.749207143687657
"41","Aro",4,1.09152934171385
"42","Asp",4,1.11362920561425
"43","Gpe",4,1.00628211164984
"44","Gre",4,0.981264923054156
"45","Acy",5,1.53085976433006
"46","Adi",5,0.915531112332385
"47","Ahu",5,0.872463825174099
"48","Ahy",5,1.67229692062371
"49","Ain",5,1.01193982660497
"50","Ami",5,0.71845595069373
"51","Ana",5,0.758442376976199
"52","Aro",5,1.05267013777399
"53","Asp",5,1.06502794551002
"54","Gpe",5,0.967148950106569
"55","Gre",5,1.00816143878932
"56","Acy",6,1.47071016072964
"57","Adi",6,0.902366891679092
"58","Ahu",6,0.88221118146406
"59","Ahy",6,1.7906161813933
"60","Ain",6,1.10498939244988
"61","Ami",6,0.649791917731681
"62","Ana",6,0.723853439720439
"63","Aro",6,1.15035918646663
"64","Asp",6,1.0390061076151
"65","Gpe",6,1.10490909455421
"66","Gre",6,1.00609915542726
"67","Acy",7,1.44939232358643
"68","Adi",7,0.910639651741485
"69","Ahu",7,0.895612592112666
"70","Ahy",7,1.73616912895162
"71","Ain",7,1.25430913198389
"72","Ami",7,0.703445721957706
"73","Ana",7,0.718310914013738
"74","Aro",7,1.14797668684568
"75","Asp",7,1.19423059167749
"76","Gpe",7,1.12211664492798
"77","Gre",7,1.02795654725723
"78","Acy",8,1.45523164237941
"79","Adi",8,0.978950221516149
"80","Ahu",8,0.911297914654102
"81","Ahy",8,1.66564050438806
"82","Ain",8,1.22401292143964
"83","Ami",8,0.632215992657061
"84","Ana",8,0.756168686294149
"85","Aro",8,1.12102297809217
"86","Asp",8,1.14313519535392
"87","Gpe",8,0.950356829706627
"88","Gre",8,0.974149344912263
"89","Acy",9,1.4438170989717
"90","Adi",9,0.995781653950362
"91","Ahu",9,0.892749443201655
"92","Ahy",9,1.75314208085981
"93","Ain",9,1.27950646627592
"94","Ami",9,0.673933623704304
"95","Ana",9,0.808594677946797
"96","Aro",9,1.08371047719693
"97","Asp",9,1.3811712371034
"98","Gpe",9,0.932369412610773
"99","Gre",9,1.00858132489837
"100","Acy",10,1.43973524408124
"101","Adi",10,1.0648842156779
"102","Ahu",10,0.892807717782377
"103","Ahy",10,1.69085671984639
"104","Ain",10,1.32636407406846
"105","Ami",10,0.630687425488945
"106","Ana",10,0.756825733712185
"107","Aro",10,1.06736918027205
"108","Asp",10,1.20993129480987
"109","Gpe",10,0.941750095935563
"110","Gre",10,0.997033001788941
"111","Acy",11,1.46864091706439
"112","Adi",11,0.931057537483843
"113","Ahu",11,0.922435282645537
"114","Ahy",11,1.68301013212501
"115","Ain",11,1.3076726227424
"116","Ami",11,0.670861997619112
"117","Ana",11,0.719759855464046
"118","Aro",11,0.944165170748206
"119","Asp",11,1.16818694545543
"120","Gpe",11,1.12208134296023
"121","Gre",11,1.01941035823568
"122","Acy",12,1.31886857451448
"123","Adi",12,0.970198318977802
"124","Ahu",12,0.91076436258349
"125","Ahy",12,1.68030145443541
"126","Ain",12,1.41997007780972
"127","Ami",12,0.719986238115135
"128","Ana",12,0.758965875449387
"129","Aro",12,0.895065505055844
"130","Asp",12,1.21677368645431
"131","Gpe",12,0.94853611688111
"132","Gre",12,0.958192783825146
"133","Acy",13,1.39919120017475
"134","Adi",13,0.9137508965451
"135","Ahu",13,0.8901422620928
"136","Ahy",13,1.7741037277604
"137","Ain",13,1.35701917101101
"138","Ami",13,0.760114035933509
"139","Ana",13,0.732339126835074
"140","Aro",13,1.10813729868649
"141","Asp",13,1.21544651070846
"142","Gpe",13,1.11665124854644
"143","Gre",13,0.998767064756936
"144","Acy",14,1.40322219232805
"145","Adi",14,1.06408951742105
"146","Ahu",14,0.897903601396292
"147","Ahy",14,1.73397518192822
"148","Ain",14,1.38882494645097
"149","Ami",14,0.680103637966835
"150","Ana",14,0.70906018543732
"151","Aro",14,1.02011650056898
"152","Asp",14,1.32271376373656
"153","Gpe",14,0.941540835063926
"154","Gre",14,0.971055850245013
"155","Acy",15,1.44411719183205
"156","Adi",15,0.965169381549584
"157","Ahu",15,0.896922091072231
"158","Ahy",15,1.7546173694881
"159","Ain",15,1.29303033489064
"160","Ami",15,0.715594601999427
"161","Ana",15,0.738246723951785
"162","Aro",15,1.13890877537528
"163","Asp",15,1.27525788428948
"164","Gpe",15,0.956002214911049
"165","Gre",15,1.02267394126814
"166","Acy",16,1.486032826945
"167","Adi",16,0.972272446003714
"168","Ahu",16,0.890823587251832
"169","Ahy",16,1.77198092585442
"170","Ain",16,1.28549772540804
"171","Ami",16,0.694900775537137
"172","Ana",16,0.776331135301184
"173","Aro",16,1.05111054068085
"174","Asp",16,1.15255608308361
"175","Gpe",16,0.936056548956436
"176","Gre",16,1.00319754025424
"177","Acy",17,1.45455674466188
"178","Adi",17,0.98561183735233
"179","Ahu",17,0.89205417942146
"180","Ahy",17,1.73396221534457
"181","Ain",17,1.32752505788784
"182","Ami",17,0.651858177804353
"183","Ana",17,0.706081601688775
"184","Aro",17,1.06645661172197
"185","Asp",17,1.20759023249286
"186","Gpe",17,0.967648097215488
"187","Gre",17,1.0122108737784
"188","Acy",18,1.40365325983964
"189","Adi",18,0.960969671816888
"190","Ahu",18,0.888405357030234
"191","Ahy",18,1.79397477013429
"192","Ain",18,1.33957270914191
"193","Ami",18,0.63723597880209
"194","Ana",18,0.807405602793173
"195","Aro",18,1.11609250356557
"196","Asp",18,1.14196951825789
"197","Gpe",18,0.974045678614759
"198","Gre",18,1.03933842224748
"199","Acy",19,1.35729538840853
"200","Adi",19,0.90305001424005
"201","Ahu",19,0.893186743473195
"202","Ahy",19,1.83506911347217
"203","Ain",19,1.3160612182386
"204","Ami",19,0.620397595317351
"205","Ana",19,0.72206531675632
"206","Aro",19,1.12062735542345
"207","Asp",19,1.11500967083247
"208","Gpe",19,0.945859666062446
"209","Gre",19,1.03295661224343
"210","Acy",20,1.48441200124185
"211","Adi",20,0.933259072877143
"212","Ahu",20,0.894682184081047
"213","Ahy",20,1.67468848803902
"214","Ain",20,1.30013727600607
"215","Ami",20,0.637941036461553
"216","Ana",20,0.755613540362664
"217","Aro",20,1.01834786622404
"218","Asp",20,1.16838387882354
"219","Gpe",20,0.946785457248433
"220","Gre",20,0.971328548304558
"221","Acy",21,1.45758889505003
"222","Adi",21,0.955087048684022
"223","Ahu",21,0.879425907291915
"224","Ahy",21,1.76433153639365
"225","Ain",21,1.1958865680346
"226","Ami",21,0.744650469378766
"227","Ana",21,0.706762704915467
"228","Aro",21,1.06140069243435
"229","Asp",21,1.24611341170526
"230","Gpe",21,0.951915104604288
"231","Gre",21,1.01938534425186
"232","Acy",22,1.44589326136592
"233","Adi",22,0.935499504848282
"234","Ahu",22,0.89654638269979
"235","Ahy",22,1.6392756212428
"236","Ain",22,1.2281294062882
"237","Ami",22,0.659519196513574
"238","Ana",22,0.776617003936686
"239","Aro",22,1.04797527941995
"240","Asp",22,1.17800411344136
"241","Gpe",22,0.945980481464721
"242","Gre",22,1.07053383041667
"243","Acy",23,1.42684653620155
"244","Adi",23,1.02088330898262
"245","Ahu",23,0.893152749522324
"246","Ahy",23,1.72002366446554
"247","Ain",23,1.1871436565315
"248","Ami",23,0.700347801226367
"249","Ana",23,0.688998261423105
"250","Aro",23,1.11578467871775
"251","Asp",23,1.15218548579144
"252","Gpe",23,0.938741651147574
"253","Gre",23,1.02351976207719
"254","Acy",24,1.46670060725675
"255","Adi",24,0.913644318701281
"256","Ahu",24,0.891350072094872
"257","Ahy",24,1.76004301714981
"258","Ain",24,1.0786190578345
"259","Ami",24,0.674460400130138
"260","Ana",24,0.755545313674536
"261","Aro",24,1.04668174591943
"262","Asp",24,1.17968345968564
"263","Gpe",24,1.09484237109991
"264","Gre",24,1.01652684516799
"265","Acy",25,1.51532886927432
"266","Adi",25,1.04564392452725
"267","Ahu",25,0.886990945382625
"268","Ahy",25,1.75243857880874
"269","Ain",25,1.21327912531844
"270","Ami",25,0.672169570959377
"271","Ana",25,0.75961655170015
"272","Aro",25,1.04320841896398
"273","Asp",25,1.26581899262763
"274","Gpe",25,0.94694021088188
"275","Gre",25,0.988727642206915
"276","Acy",26,1.5222761457824
"277","Adi",26,0.998308108018279
"278","Ahu",26,0.875556845231363
"279","Ahy",26,1.77769589726965
"280","Ain",26,1.14338975124374
"281","Ami",26,0.651452406304722
"282","Ana",26,0.734511705502691
"283","Aro",26,1.06582183272366
"284","Asp",26,1.15121629276751
"285","Gpe",26,1.11431740569331
"286","Gre",26,0.98208065675711
"287","Acy",27,1.51329516687292
"288","Adi",27,0.975861156549056
"289","Ahu",27,0.884920070707134
"290","Ahy",27,1.67858952557849
"291","Ain",27,1.22522470486288
"292","Ami",27,0.667188265976513
"293","Ana",27,0.726468442038731
"294","Aro",27,1.06325372702109
"295","Asp",27,1.16674361141578
"296","Gpe",27,0.962511265399082
"297","Gre",27,1.04163330494786
"298","Acy",28,1.5165304049304
"299","Adi",28,0.952807152521721
"300","Ahu",28,0.910585836342906
"301","Ahy",28,1.7655222518669
"302","Ain",28,0.95985724572575
"303","Ami",28,0.673333233153221
"304","Ana",28,0.762370323938274
"305","Aro",28,1.05990279205156
"306","Asp",28,1.07992049892004
"307","Gpe",28,0.944840520719532
"308","Gre",28,1.04302144941686
"309","Acy",29,1.39853562076921
"310","Adi",29,0.89806843065122
"311","Ahu",29,0.912387319213974
"312","Ahy",29,1.82889036761152
"313","Ain",29,1.32369686968518
"314","Ami",29,0.611204533430352
"315","Ana",29,0.758522886814511
"316","Aro",29,1.03297413447453
"317","Asp",29,1.17366935608416
"318","Gpe",29,0.950688075438755
"319","Gre",29,1.00728148812345
"320","Acy",30,1.42664431208184
"321","Adi",30,0.950670531034685
"322","Ahu",30,0.876145124092068
"323","Ahy",30,1.86158559742061
"324","Ain",30,1.26017898138838
"325","Ami",30,0.590747754221309
"326","Ana",30,0.751749735451393
"327","Aro",30,1.06770940047073
"328","Asp",30,1.39222458718309
"329","Gpe",30,0.949590274258873
"330","Gre",30,1.01558766403143
"331","Acy",31,1.49195853253457
"332","Adi",31,0.94616630182337
"333","Ahu",31,0.914897221805555
"334","Ahy",31,1.73647063089802
"335","Ain",31,1.15352404140762
"336","Ami",31,0.687103519234187
"337","Ana",31,0.742946995340033
"338","Aro",31,1.05690636842776
"339","Asp",31,1.18869562997523
"340","Gpe",31,0.951202497433291
"341","Gre",31,1.06607460690393
"342","Acy",32,1.4438295385855
"343","Adi",32,1.06066864602908
"344","Ahu",32,0.88667972284384
"345","Ahy",32,1.78175279166224
"346","Ain",32,1.34641697764224
"347","Ami",32,0.62615932565747
"348","Ana",32,0.739528799584999
"349","Aro",32,1.13460694635085
"350","Asp",32,1.19405145673207
"351","Gpe",32,0.942594630849209
"352","Gre",32,1.00196559871031
"353","Acy",33,1.60329351493508
"354","Adi",33,1.08545463666527
"355","Ahu",33,0.896940415791853
"356","Ahy",33,1.73546924080919
"357","Ain",33,1.28314140050713
"358","Ami",33,0.637620765573517
"359","Ana",33,0.745591905818418
"360","Aro",33,1.04918411647814
"361","Asp",33,1.17403763682076
"362","Gpe",33,0.959176948359451
"363","Gre",33,1.03496126975971
"364","Acy",34,1.49145451215463
"365","Adi",34,0.928488708819285
"366","Ahu",34,0.885290172808429
"367","Ahy",34,1.84958580098722
"368","Ain",34,1.21741753378661
"369","Ami",34,0.699995014684169
"370","Ana",34,0.767719870380894
"371","Aro",34,1.14013366598195
"372","Asp",34,1.16368239113728
"373","Gpe",34,0.949225816452753
"374","Gre",34,0.975361790528985
"375","Acy",35,1.44736619260551
"376","Adi",35,0.938076852433514
"377","Ahu",35,0.883345307353283
"378","Ahy",35,1.74052119393935
"379","Ain",35,1.25848930881549
"380","Ami",35,0.661982480082124
"381","Ana",35,0.749789955081123
"382","Aro",35,1.0852805697539
"383","Asp",35,1.02634614896896
"384","Gpe",35,0.954359898910533
"385","Gre",35,1.02619566479403
"386","Acy",36,1.43655956110942
"387","Adi",36,0.998571519392675
"388","Ahu",36,0.868618806072312
"389","Ahy",36,1.75882359364752
"390","Ain",36,1.19971579335514
"391","Ami",36,0.69430716243768
"392","Ana",36,0.728087863610582
"393","Aro",36,1.09642216876505
"394","Asp",36,1.17313414348716
"395","Gpe",36,0.955958426493512
"396","Gre",36,0.978735110076247
"397","Acy",37,1.46656171706951
"398","Adi",37,1.04668474232733
"399","Ahu",37,0.898209960777638
"400","Ahy",37,1.71015314823419
"401","Ain",37,1.14001724132694
"402","Ami",37,0.657972332513923
"403","Ana",37,0.789064260934498
"404","Aro",37,1.04767477972088
"405","Asp",37,1.13976919363212
"406","Gpe",37,0.954998447877657
"407","Gre",37,1.01116827025674
"408","Acy",38,1.45290307423395
"409","Adi",38,0.991244385669125
"410","Ahu",38,0.882285824576998
"411","Ahy",38,1.71261141174529
"412","Ain",38,1.19604948063219
"413","Ami",38,0.703676137690898
"414","Ana",38,0.747558824014598
"415","Aro",38,1.10768068960728
"416","Asp",38,1.19341821489601
"417","Gpe",38,0.945408972711466
"418","Gre",38,1.04267207284561
"419","Acy",39,1.45716860926625
"420","Adi",39,0.909488136027277
"421","Ahu",39,0.871318266595648
"422","Ahy",39,1.68816269273075
"423","Ain",39,1.36236752428681
"424","Ami",39,0.578520772137456
"425","Ana",39,0.731709351356345
"426","Aro",39,1.15814099073042
"427","Asp",39,1.16973046838086
"428","Gpe",39,0.939290882223989
"429","Gre",39,1.02670628174946
"430","Acy",40,1.26485702783058
"431","Adi",40,0.916059637848965
"432","Ahu",40,0.872387273246428
"433","Ahy",40,1.91768565822821
"434","Ain",40,1.32207204090314
"435","Ami",40,0.668171459216409
"436","Ana",40,0.741525886436268
"437","Aro",40,1.04438679754382
"438","Asp",40,1.20904693257606
"439","Gpe",40,1.1073981663913
"440","Gre",40,1.08021217952336
"441","Acy",41,1.51443189758769
"442","Adi",41,0.949007798940152
"443","Ahu",41,0.916445096933678
"444","Ahy",41,1.8041355779959
"445","Ain",41,1.09571723682969
"446","Ami",41,0.62999702438106
"447","Ana",41,0.733037815351536
"448","Aro",41,1.10561873793586
"449","Asp",41,1.10375102396994
"450","Gpe",41,0.954907935247804
"451","Gre",41,0.987752783071639
"452","Acy",42,1.49009207322178
"453","Adi",42,0.906294385657605
"454","Ahu",42,0.923270912940107
"455","Ahy",42,1.68457222763242
"456","Ain",42,1.1907687153085
"457","Ami",42,0.642660067954821
"458","Ana",42,0.714159789673841
"459","Aro",42,1.04203114530069
"460","Asp",42,1.06799857953687
"461","Gpe",42,0.953938460593008
"462","Gre",42,1.02015117566328
"463","Acy",43,1.48675271101205
"464","Adi",43,0.974638516820947
"465","Ahu",43,0.879355658811991
"466","Ahy",43,1.66022829951261
"467","Ain",43,1.21428547207973
"468","Ami",43,0.705523598286415
"469","Ana",43,0.754897313337457
"470","Aro",43,1.01629263443641
"471","Asp",43,1.18457132173617
"472","Gpe",43,0.931073149699522
"473","Gre",43,1.09692855955646
"474","Acy",44,1.49572466471498
"475","Adi",44,0.938918382825408
"476","Ahu",44,0.912575920849446
"477","Ahy",44,1.78775915920211
"478","Ain",44,1.25926955425978
"479","Ami",44,0.626245125218456
"480","Ana",44,0.711945370510827
"481","Aro",44,0.988414980741609
"482","Asp",44,1.18594552333558
"483","Gpe",44,0.958225842585113
"484","Gre",44,1.02417610697811
"485","Acy",45,1.40295939215027
"486","Adi",45,0.998426525714176
"487","Ahu",45,0.880176110251329
"488","Ahy",45,1.75197570212483
"489","Ain",45,1.21461180581112
"490","Ami",45,0.670255284643933
"491","Ana",45,0.717012511120521
"492","Aro",45,1.09892624065861
"493","Asp",45,1.14968641419812
"494","Gpe",45,0.956064299318778
"495","Gre",45,1.02149265879544
"496","Acy",46,1.50980347795927
"497","Adi",46,0.907688655143094
"498","Ahu",46,0.88630128952602
"499","Ahy",46,1.80960463941445
"500","Ain",46,1.12661505864518
"501","Ami",46,0.642359397068377
"502","Ana",46,0.736798295667961
"503","Aro",46,1.0489986106878
"504","Asp",46,1.18938627144455
"505","Gpe",46,0.954630524681979
"506","Gre",46,1.10986439988019
"507","Acy",47,1.48005267373901
"508","Adi",47,0.961966755100374
"509","Ahu",47,0.904106087215399
"510","Ahy",47,1.64193957166583
"511","Ain",47,1.21965112864795
"512","Ami",47,0.664505729393778
"513","Ana",47,0.741309911271605
"514","Aro",47,1.06448908073039
"515","Asp",47,1.35531964237732
"516","Gpe",47,1.1365223475428
"517","Gre",47,1.03599730523457
"518","Acy",48,1.46974784733151
"519","Adi",48,0.966797499207091
"520","Ahu",48,0.894201819933767
"521","Ahy",48,1.81745124903599
"522","Ain",48,1.41987999837945
"523","Ami",48,0.640006365991749
"524","Ana",48,0.72109428847512
"525","Aro",48,1.04807101216868
"526","Asp",48,1.09583073235496
"527","Gpe",48,0.959024255631081
"528","Gre",48,1.00560884204793
"529","Acy",49,1.51979839040282
"530","Adi",49,0.984140456829024
"531","Ahu",49,0.853367435957588
"532","Ahy",49,1.78878995984813
"533","Ain",49,1.32891736158994
"534","Ami",49,0.721585919709125
"535","Ana",49,0.780620183252745
"536","Aro",49,1.09788697855291
"537","Asp",49,1.17885728144488
"538","Gpe",49,0.972643374894162
"539","Gre",49,1.02936441917803
"540","Acy",50,1.37634078975921
"541","Adi",50,0.970094235646783
"542","Ahu",50,0.912879584415121
"543","Ahy",50,1.74134100121965
"544","Ain",50,1.20439812977089
"545","Ami",50,0.683686996797844
"546","Ana",50,0.745913864587042
"547","Aro",50,1.05726517115115
"548","Asp",50,1.18785600781197
"549","Gpe",50,0.94661162450658
"550","Gre",50,1.08393862134019
"551","Acy",51,1.43041842528705
"552","Adi",51,0.99891879762415
"553","Ahu",51,0.892508718280143
"554","Ahy",51,1.79510734939258
"555","Ain",51,1.11070180580228
"556","Ami",51,0.653073809233079
"557","Ana",51,0.711383391109034
"558","Aro",51,1.02087792254252
"559","Asp",51,1.1645405607348
"560","Gpe",51,0.955082995383661
"561","Gre",51,1.00772842157119
"562","Acy",52,1.3806751785195
"563","Adi",52,1.05486067391773
"564","Ahu",52,0.895303642878339
"565","Ahy",52,1.7413936293037
"566","Ain",52,1.22231432364806
"567","Ami",52,0.67380382894527
"568","Ana",52,0.77496653697826
"569","Aro",52,1.08014206171217
"570","Asp",52,1.06511595572563
"571","Gpe",52,0.947067980171763
"572","Gre",52,1.02697359058333
"573","Acy",53,1.37432804827528
"574","Adi",53,0.985070539507047
"575","Ahu",53,0.891540667593166
"576","Ahy",53,1.64698582033469
"577","Ain",53,1.20780077535089
"578","Ami",53,0.712689872470762
"579","Ana",53,0.736993346449636
"580","Aro",53,1.10310171753367
"581","Asp",53,1.27659845020073
"582","Gpe",53,0.96389784347094
"583","Gre",53,1.0188768537717
"584","Acy",54,1.45935815246222
"585","Adi",54,0.954170172047336
"586","Ahu",54,0.892276939991505
"587","Ahy",54,1.81197756562211
"588","Ain",54,1.37574836256899
"589","Ami",54,0.726273290497383
"590","Ana",54,0.715923298347547
"591","Aro",54,1.05798443043642
"592","Asp",54,1.17097832153912
"593","Gpe",54,0.940102534314558
"594","Gre",54,1.02694185390313
"595","Acy",55,1.47692001429725
"596","Adi",55,0.97362753276409
"597","Ahu",55,0.879702684430388
"598","Ahy",55,1.7707817106665
"599","Ain",55,1.34640951478204
"600","Ami",55,0.654172350648555
"601","Ana",55,0.775727784984072
"602","Aro",55,1.0358154624647
"603","Asp",55,1.18771578291615
"604","Gpe",55,1.13607535281773
"605","Gre",55,1.05120481818392
"606","Acy",56,1.48770382055397
"607","Adi",56,0.91030630239138
"608","Ahu",56,0.871186073005231
"609","Ahy",56,1.75096972801413
"610","Ain",56,1.30684970632081
"611","Ami",56,0.653118240831445
"612","Ana",56,0.700067632294008
"613","Aro",56,1.03728452108575
"614","Asp",56,1.21010405053883
"615","Gpe",56,0.939639487534476
"616","Gre",56,1.01454341132117
"617","Acy",57,1.41916661157053
"618","Adi",57,0.934017297654377
"619","Ahu",57,0.920202100700296
"620","Ahy",57,1.76492430856431
"621","Ain",57,1.27005139588001
"622","Ami",57,0.619081123014053
"623","Ana",57,0.747436294516238
"624","Aro",57,1.10660775614141
"625","Asp",57,1.05447383445808
"626","Gpe",57,0.943281348108294
"627","Gre",57,0.970226232479379
"628","Acy",58,1.37206724981341
"629","Adi",58,0.986473493534957
"630","Ahu",58,0.878153116341987
"631","Ahy",58,1.65374279019658
"632","Ain",58,1.29445079310213
"633","Ami",58,0.687437462797556
"634","Ana",58,0.769433929946351
"635","Aro",58,1.07701154679487
"636","Asp",58,1.2591371979281
"637","Gpe",58,1.1538991748622
"638","Gre",58,1.04136634049103
"639","Acy",59,1.46540011172402
"640","Adi",59,0.971326683447303
"641","Ahu",59,0.89110362174957
"642","Ahy",59,1.75838621477605
"643","Ain",59,1.31309095463759
"644","Ami",59,0.615715845560679
"645","Ana",59,0.819137129538025
"646","Aro",59,0.998534575534242
"647","Asp",59,1.0938426205515
"648","Gpe",59,0.943979097708121
"649","Gre",59,1.09431508319529
"650","Acy",60,1.45444958178921
"651","Adi",60,1.01371724505353
"652","Ahu",60,0.906678810449983
"653","Ahy",60,1.81731407504803
"654","Ain",60,1.17437987408545
"655","Ami",60,0.668747044694159
"656","Ana",60,0.784881543098967
"657","Aro",60,1.0740921747185
"658","Asp",60,1.26060960585482
"659","Gpe",60,0.937675141511444
"660","Gre",60,0.9738679368678
"661","Acy",61,1.42995939449661
"662","Adi",61,0.906442515038558
"663","Ahu",61,0.893486228552921
"664","Ahy",61,1.79208918891543
"665","Ain",61,1.18906580896741
"666","Ami",61,0.629053213051569
"667","Ana",61,0.727874299059364
"668","Aro",61,1.08229224414768
"669","Asp",61,1.17768740995793
"670","Gpe",61,0.957583809036191
"671","Gre",61,1.11299087977446
"672","Acy",62,1.43363591527521
"673","Adi",62,0.962169050733066
"674","Ahu",62,0.909795733615276
"675","Ahy",62,1.81090737821259
"676","Ain",62,1.27402798910863
"677","Ami",62,0.679316586284093
"678","Ana",62,0.699157243838197
"679","Aro",62,0.928390946890141
"680","Asp",62,1.12276419338483
"681","Gpe",62,0.943441669370817
"682","Gre",62,0.966963893517852
"683","Acy",63,1.4180220202249
"684","Adi",63,0.939774834845763
"685","Ahu",63,0.90373538861126
"686","Ahy",63,1.82222397901602
"687","Ain",63,1.32663092966143
"688","Ami",63,0.663440381241183
"689","Ana",63,0.721055860507196
"690","Aro",63,1.14023782197617
"691","Asp",63,1.26714182014932
"692","Gpe",63,0.950206901297889
"693","Gre",63,1.01199641536266
"694","Acy",64,1.40055323689441
"695","Adi",64,0.907241873822532
"696","Ahu",64,0.879113125911027
"697","Ahy",64,1.71035345182204
"698","Ain",64,1.28087769334687
"699","Ami",64,0.65888836264842
"700","Ana",64,0.697192879304668
"701","Aro",64,0.981233645811703
"702","Asp",64,1.27473332310958
"703","Gpe",64,0.956068142915419
"704","Gre",64,0.965526765733081
"705","Acy",65,1.53742247885391
"706","Adi",65,0.956211786963828
"707","Ahu",65,0.892964914190632
"708","Ahy",65,1.70610494888115
"709","Ain",65,1.30990166923835
"710","Ami",65,0.649666198550287
"711","Ana",65,0.700319819708106
"712","Aro",65,1.03117581446506
"713","Asp",65,1.20342618290204
"714","Gpe",65,0.943460383604828
"715","Gre",65,1.09589902496686
"716","Acy",66,1.52610023483702
"717","Adi",66,0.927033892631473
"718","Ahu",66,0.872259445135308
"719","Ahy",66,1.72568346434267
"720","Ain",66,1.28586839771094
"721","Ami",66,0.646075267096372
"722","Ana",66,0.748305928331295
"723","Aro",66,1.0444506280762
"724","Asp",66,1.22544422577272
"725","Gpe",66,1.10639672342537
"726","Gre",66,1.01494386156309
"727","Acy",67,1.46658221799309
"728","Adi",67,0.968740069638522
"729","Ahu",67,0.888889764771567
"730","Ahy",67,1.73232342639326
"731","Ain",67,1.10900028821253
"732","Ami",67,0.662772210725852
"733","Ana",67,0.794366190440854
"734","Aro",67,1.04643360510182
"735","Asp",67,1.04524854729211
"736","Gpe",67,1.08191593562439
"737","Gre",67,1.01774359919052
"738","Acy",68,1.5390923329968
"739","Adi",68,0.952858901601472
"740","Ahu",68,0.893859916316948
"741","Ahy",68,1.87835189520264
"742","Ain",68,1.11945072256966
"743","Ami",68,0.70473923754349
"744","Ana",68,0.731559017986622
"745","Aro",68,1.03600189255773
"746","Asp",68,1.13950634972856
"747","Gpe",68,0.96309009018241
"748","Gre",68,1.02613947709046
"749","Acy",69,1.42814233590129
"750","Adi",69,0.962105924059517
"751","Ahu",69,0.877184133444171
"752","Ahy",69,1.75105924401484
"753","Ain",69,1.33581315445439
"754","Ami",69,0.673577723928234
"755","Ana",69,0.745189573444968
"756","Aro",69,0.984465739874145
"757","Asp",69,1.1816380015587
"758","Gpe",69,1.09746268516113
"759","Gre",69,0.972611322494459
"760","Acy",70,1.42751094925942
"761","Adi",70,0.950076710984901
"762","Ahu",70,0.891255563273748
"763","Ahy",70,1.8041300074261
"764","Ain",70,1.34855567547174
"765","Ami",70,0.626525080605057
"766","Ana",70,0.699556883681911
"767","Aro",70,1.04146552655082
"768","Asp",70,1.20427674622633
"769","Gpe",70,0.939423853092264
"770","Gre",70,1.02129617761536
"771","Acy",71,1.47486228988675
"772","Adi",71,1.05170485655062
"773","Ahu",71,0.906169877587151
"774","Ahy",71,1.77391239990316
"775","Ain",71,1.16893885612073
"776","Ami",71,0.666988597526273
"777","Ana",71,0.719867832839176
"778","Aro",71,1.09863672947946
"779","Asp",71,1.03708214686667
"780","Gpe",71,0.972130232445456
"781","Gre",71,1.02346396454041
"782","Acy",72,1.39725063987466
"783","Adi",72,0.955072297952233
"784","Ahu",72,0.892129412586636
"785","Ahy",72,1.78732028373168
"786","Ain",72,1.07658070633861
"787","Ami",72,0.664831863702618
"788","Ana",72,0.718436154988723
"789","Aro",72,1.00415059698789
"790","Asp",72,1.1827082779045
"791","Gpe",72,0.939823872896883
"792","Gre",72,1.06270884728927
"793","Acy",73,1.36845405391783
"794","Adi",73,1.05684811565358
"795","Ahu",73,0.867958134938189
"796","Ahy",73,1.66638185032467
"797","Ain",73,1.14495241432992
"798","Ami",73,0.639957162144105
"799","Ana",73,0.739971753026427
"800","Aro",73,1.04559721019151
"801","Asp",73,1.17624555121
"802","Gpe",73,0.939241730726377
"803","Gre",73,0.953837115148756
"804","Acy",74,1.39870817010369
"805","Adi",74,0.905560188311265
"806","Ahu",74,0.874938009969326
"807","Ahy",74,1.79727129155609
"808","Ain",74,1.08232777048522
"809","Ami",74,0.61384664320477
"810","Ana",74,0.71723525669593
"811","Aro",74,1.12915056046049
"812","Asp",74,1.18762964100939
"813","Gpe",74,0.959903778850278
"814","Gre",74,1.01202656279613
"815","Acy",75,1.52707271731354
"816","Adi",75,0.910140150968321
"817","Ahu",75,0.904516639165147
"818","Ahy",75,1.73526780256646
"819","Ain",75,1.30383682596553
"820","Ami",75,0.643363889076968
"821","Ana",75,0.77239643830234
"822","Aro",75,1.04080142152487
"823","Asp",75,1.21465839390143
"824","Gpe",75,0.961392124518711
"825","Gre",75,1.02762917332971
"826","Acy",76,1.49183460755365
"827","Adi",76,0.934694545568245
"828","Ahu",76,0.923009448955476
"829","Ahy",76,1.71465861918052
"830","Ain",76,1.27126251728338
"831","Ami",76,0.677275258420692
"832","Ana",76,0.723666332073319
"833","Aro",76,1.07661481748399
"834","Asp",76,1.31600246961343
"835","Gpe",76,0.940301945014999
"836","Gre",76,1.08360457284673
"837","Acy",77,1.48877712007138
"838","Adi",77,0.943928671896394
"839","Ahu",77,0.867014039616917
"840","Ahy",77,1.79297291789197
"841","Ain",77,1.1776786149735
"842","Ami",77,0.656212704542302
"843","Ana",77,0.739989793383685
"844","Aro",77,0.909214944866617
"845","Asp",77,1.16975530776879
"846","Gpe",77,0.948559716029474
"847","Gre",77,1.03171910486019
"848","Acy",78,1.39165727697327
"849","Adi",78,0.937908401382034
"850","Ahu",78,0.886997665588381
"851","Ahy",78,1.78417199036488
"852","Ain",78,1.40116218621148
"853","Ami",78,0.696699879924351
"854","Ana",78,0.73911655902003
"855","Aro",78,1.05239161087132
"856","Asp",78,1.17051696330287
"857","Gpe",78,0.932599810491934
"858","Gre",78,0.996463336898839
"859","Acy",79,1.38235166262164
"860","Adi",79,0.962470621202849
"861","Ahu",79,0.869368730697193
"862","Ahy",79,1.7143447967885
"863","Ain",79,1.28430316577581
"864","Ami",79,0.694531514456876
"865","Ana",79,0.786290358562644
"866","Aro",79,1.01583291584504
"867","Asp",79,1.18210652975385
"868","Gpe",79,0.953481717561362
"869","Gre",79,1.00701751739741
"870","Acy",80,1.49282868040535
"871","Adi",80,0.974764289859459
"872","Ahu",80,0.894602431457305
"873","Ahy",80,1.73056605735382
"874","Ain",80,1.21028642160218
"875","Ami",80,0.651899861611732
"876","Ana",80,0.75130296125063
"877","Aro",80,1.10047697207791
"878","Asp",80,1.22819023961058
"879","Gpe",80,0.953882280568807
"880","Gre",80,1.02213493988366
"881","Acy",81,1.46061070401248
"882","Adi",81,0.946512341059892
"883","Ahu",81,0.908224152458244
"884","Ahy",81,1.75527713385192
"885","Ain",81,1.26226629500741
"886","Ami",81,0.6681095956278
"887","Ana",81,0.737751440698983
"888","Aro",81,1.07346475958866
"889","Asp",81,1.05159325750758
"890","Gpe",81,1.16403613736194
"891","Gre",81,1.03338601389609
"892","Acy",82,1.47321535453776
"893","Adi",82,0.960367951064082
"894","Ahu",82,0.872942998251087
"895","Ahy",82,1.85519315962074
"896","Ain",82,1.26084677265625
"897","Ami",82,0.679799480885588
"898","Ana",82,0.739768769763584
"899","Aro",82,1.07569641537607
"900","Asp",82,1.21764581798795
"901","Gpe",82,0.945694886601096
"902","Gre",82,1.03976180487107
"903","Acy",83,1.47465425494747
"904","Adi",83,0.971679750916995
"905","Ahu",83,0.876127561843571
"906","Ahy",83,1.77020794767698
"907","Ain",83,1.22629606072859
"908","Ami",83,0.6698918474615
"909","Ana",83,0.812551719765212
"910","Aro",83,1.0035352361948
"911","Asp",83,1.16689712500068
"912","Gpe",83,0.939222263144041
"913","Gre",83,0.998836986949192
"914","Acy",84,1.41331291596768
"915","Adi",84,0.957318136593785
"916","Ahu",84,0.874955417245272
"917","Ahy",84,1.80424166545029
"918","Ain",84,1.25594266752258
"919","Ami",84,0.645338706002606
"920","Ana",84,0.733772432456172
"921","Aro",84,1.07975984890474
"922","Asp",84,1.16973143904223
"923","Gpe",84,0.952329870276481
"924","Gre",84,1.02353413973792
"925","Acy",85,1.46320153463767
"926","Adi",85,0.919570637672471
"927","Ahu",85,0.884127685256788
"928","Ahy",85,1.71454264018763
"929","Ain",85,1.16079010739777
"930","Ami",85,0.674680315174835
"931","Ana",85,0.785895448271609
"932","Aro",85,1.10949292973326
"933","Asp",85,1.18529001813619
"934","Gpe",85,0.956159775278133
"935","Gre",85,1.00730964442253
"936","Acy",86,1.3766391763053
"937","Adi",86,0.980611742146297
"938","Ahu",86,0.872117695830686
"939","Ahy",86,1.6794179141017
"940","Ain",86,1.28293566703743
"941","Ami",86,0.662945149794667
"942","Ana",86,0.743000770704878
"943","Aro",86,1.17158262715002
"944","Asp",86,1.19856325816982
"945","Gpe",86,0.945205529768374
"946","Gre",86,1.00939910403367
"947","Acy",87,1.51274193683029
"948","Adi",87,0.955338041223662
"949","Ahu",87,0.8834461855656
"950","Ahy",87,1.64877545802672
"951","Ain",87,1.10545951750715
"952","Ami",87,0.671458735178314
"953","Ana",87,0.748590037300703
"954","Aro",87,1.11010479117147
"955","Asp",87,1.13330519659882
"956","Gpe",87,0.940895216474232
"957","Gre",87,1.0078594559583
"958","Acy",88,1.49898627532287
"959","Adi",88,0.923686409778133
"960","Ahu",88,0.883108174363115
"961","Ahy",88,1.79170003155672
"962","Ain",88,1.30652781454711
"963","Ami",88,0.645604745896104
"964","Ana",88,0.743214593432434
"965","Aro",88,1.0598016189472
"966","Asp",88,1.07858530178012
"967","Gpe",88,0.954982730067609
"968","Gre",88,1.01190424930363
"969","Acy",89,1.4850350856464
"970","Adi",89,1.08712970366627
"971","Ahu",89,0.898213676958704
"972","Ahy",89,1.82543022369826
"973","Ain",89,1.16910872872931
"974","Ami",89,0.640861580400346
"975","Ana",89,0.72442661987973
"976","Aro",89,1.06836722191469
"977","Asp",89,1.20508128337129
"978","Gpe",89,0.939669769323095
"979","Gre",89,1.01223589699855
"980","Acy",90,1.47150091403013
"981","Adi",90,0.915705491814863
"982","Ahu",90,0.861607461264105
"983","Ahy",90,1.70698887197605
"984","Ain",90,1.22459553958766
"985","Ami",90,0.691174847830519
"986","Ana",90,0.706183050631083
"987","Aro",90,1.13591854663145
"988","Asp",90,1.21898824990955
"989","Gpe",90,0.963496032894831
"990","Gre",90,1.01933244575393
"991","Acy",91,1.47237991849181
"992","Adi",91,1.02150671417353
"993","Ahu",91,0.857638597088316
"994","Ahy",91,1.76526148304134
"995","Ain",91,1.27362730039099
"996","Ami",91,0.673271115860493
"997","Ana",91,0.745825178626233
"998","Aro",91,1.10471699201752
"999","Asp",91,1.17245581090045
"1000","Gpe",91,0.955989775282566
"1001","Gre",91,1.00343720950004
"1002","Acy",92,1.48418298341818
"1003","Adi",92,0.954071575968859
"1004","Ahu",92,0.886803557940987
"1005","Ahy",92,1.78419167422645
"1006","Ain",92,1.1215445606743
"1007","Ami",92,0.62133893058671
"1008","Ana",92,0.768898966881101
"1009","Aro",92,1.05419276679647
"1010","Asp",92,1.20068634008325
"1011","Gpe",92,0.958848476481018
"1012","Gre",92,1.02913228782178
"1013","Acy",93,1.43130250856463
"1014","Adi",93,1.0018173182434
"1015","Ahu",93,0.891252626932713
"1016","Ahy",93,1.68475470248678
"1017","Ain",93,1.38126034994242
"1018","Ami",93,0.663359062785169
"1019","Ana",93,0.814500112550516
"1020","Aro",93,0.9302096810926
"1021","Asp",93,1.0753976249821
"1022","Gpe",93,0.97623651592108
"1023","Gre",93,1.02320251931685
"1024","Acy",94,1.5072850834095
"1025","Adi",94,0.935485504670844
"1026","Ahu",94,0.88035158460231
"1027","Ahy",94,1.6972521251024
"1028","Ain",94,1.27188399627031
"1029","Ami",94,0.686292742342589
"1030","Ana",94,0.760894280070021
"1031","Aro",94,1.06087504816941
"1032","Asp",94,1.06749103382529
"1033","Gpe",94,0.944390351865279
"1034","Gre",94,1.0238204949863
"1035","Acy",95,1.53565676318302
"1036","Adi",95,0.970435143156516
"1037","Ahu",95,0.897496179364648
"1038","Ahy",95,1.80504227500327
"1039","Ain",95,1.05710349359822
"1040","Ami",95,0.693307353902319
"1041","Ana",95,0.720697461114751
"1042","Aro",95,1.0659819699179
"1043","Asp",95,1.1614737992325
"1044","Gpe",95,0.94883539921409
"1045","Gre",95,1.01929783710614
"1046","Acy",96,1.47328269218338
"1047","Adi",96,0.97011483863731
"1048","Ahu",96,0.893220736506763
"1049","Ahy",96,1.71496308383532
"1050","Ain",96,1.17201367322311
"1051","Ami",96,0.70881783696565
"1052","Ana",96,0.75401658353769
"1053","Aro",96,0.942567532332775
"1054","Asp",96,1.21816740780915
"1055","Gpe",96,0.941177767768342
"1056","Gre",96,1.02352081718672
"1057","Acy",97,1.53278081419406
"1058","Adi",97,1.06348565490481
"1059","Ahu",97,0.886483646024042
"1060","Ahy",97,1.80803542044922
"1061","Ain",97,1.22545554520907
"1062","Ami",97,0.675922066057851
"1063","Ana",97,0.772343021721033
"1064","Aro",97,1.05285121464943
"1065","Asp",97,1.05093216298295
"1066","Gpe",97,0.927380165215192
"1067","Gre",97,1.03542897836286
"1068","Acy",98,1.48169818927353
"1069","Adi",98,0.945690450726126
"1070","Ahu",98,0.878592970740871
"1071","Ahy",98,1.74647265274018
"1072","Ain",98,1.24711871774543
"1073","Ami",98,0.65170128825411
"1074","Ana",98,0.746759110504981
"1075","Aro",98,1.1359091984487
"1076","Asp",98,1.19823061974706
"1077","Gpe",98,0.955564426988099
"1078","Gre",98,1.05123320051512
"1079","Acy",99,1.51674118129337
"1080","Adi",99,0.951732963054849
"1081","Ahu",99,0.892119668123147
"1082","Ahy",99,1.76080788252979
"1083","Ain",99,1.226858687863
"1084","Ami",99,0.653744246831245
"1085","Ana",99,0.774666913237443
"1086","Aro",99,1.08081575926051
"1087","Asp",99,1.20472301606474
"1088","Gpe",99,0.932679282760451
"1089","Gre",99,0.968186117866253
"1090","Acy",100,1.49928749251337
"1091","Adi",100,1.00132837485141
"1092","Ahu",100,0.86632190825615
"1093","Ahy",100,1.81875993052192
"1094","Ain",100,1.25808018394431
"1095","Ami",100,0.673385167198194
"1096","Ana",100,0.714028844458528
"1097","Aro",100,1.06301955514597
"1098","Asp",100,1.27117101181022
"1099","Gpe",100,0.925613641588114
"1100","Gre",100,1.00155896053414
